"id","code","name"
activity_11101,11101,CULTIVO Y VENTA DE CEREALES
activity_11102,11102,CULTIVO DE PALMA AFRICANA Y OTROS FRUTOS OLEAGINOSOS
activity_11103,11103,CULTIVO Y COMERCIALIZACIÓN DE CESPED
activity_11218,11218,PRODUCCIÓN DE MINIVEGETALES
activity_11231,11231,CULTIVO HORTALIZAS LEGUMBRES ESPECIALIDADES HORTÍCOLAS PRODUCTOS VIVERO GRAVADOS IVA
activity_11301,11301,CULTIVO DE ESPECIAS DE TODO TIPO
activity_11302,11302,CULTIVO DE FRUTAS
activity_11322,11322,CULTIVO DE SEMILLAS COMESTIBLES Y GERMINACION DE SEMILLAS OLEAGINOSAS
activity_11329,11329,CULTIVO DE PLANTAS PARA PREPARAR BEBIDAS Y MEDICINAS
activity_11349,11349,CULTIVO DE CACAO
activity_11401,11401,CULTIVO DE CAFE
activity_11701,11701,CULTIVO DE  CAñA DE AZÚCAR
activity_11802,11802,"CULTIVO Y VENTA DE CEREALES, LEGUMBRES Y GRANOS BÁSICOS INCLUIDOS  EN CANASTA BÁSICA"
activity_11901,11901,CULTIVO DE FLORES DE TODO TIPO
activity_11903,11903,VIVEROS
activity_11907,11907,PEQUEÑOS PRODUCTORES AGRICOLAS (FERIAS DEL AGRICULTOR)
activity_12101,12101,CRíA DE CABALLOS Y OTROS EQUINOS
activity_12102,12102,"PRODUCCION DE SEMEN BOVINO, VENTA DE SEMEN CONGELADO Y DILUYENTE PARA SEMEN"
activity_12103,12103,"CRÍA DE ANIMALES DOMÉSTICOS,COMO: GANADO VACUNO, OVEJAS Y CABRAS"
activity_12201,12201,CRIA DE CERDOS
activity_12202,12202,CRIA DE ANIMALES DOMESTICADOS (AVES DE CORRAL)
activity_12203,12203,CRíA DE MARIPOSAS
activity_12204,12204,CRIA Y VENTA DE OTROS ANIMALES SEMIDOMESTICADOS O SALVAJES
activity_12401,12401,"PRODUCCION Y VENTA DE HUEVOS DE CUALQUIER TIPO, EXCEPTO  LOS DE GALLINA"
activity_12402,12402,CRÍA DE ANIMALES Y OBTENCIÓN DE PRODUCTOS DE ANIMALES VIVOS
activity_12403,12403,PRODUCCION DE HUEVOS DE GALLINA INCLUIDOS EN LA CANASTA BASICA
activity_13001,13001,CULTIVO DE PRODUCTOS AGRICOLAS EN COMBINACION CON LA CRIA DE ANIMALES
activity_14001,14001,SERVICIO DE JARDINERIA Y/O DISEÑO PAISAJISTA
activity_14002,14002,RECOLECCION DE COSECHAS Y ACTIVIDADES CONEXAS
activity_14003,14003,FUMIGACION DE CULTIVOS
activity_14004,14004,SERVICIO DE PLANTACION DE ARBOLES Y SIMILARES
activity_14005,14005,MANEJO E INSTALACION DE SISTEMAS DE RIEGO
activity_15001,15001,"CAZA ORDINARIA MEDIANTE TRAMPAS, Y REPOBLACION DE ANIMALES DE CAZA"
activity_20001,20001,VENTA DE ARBOLES EN PIE (ARBOLES DE REFORESTACION)
activity_20002,20002,EXTRACCION Y/O VENTA DE MADERA
activity_20005,20005,"ACTIVIDADES DE CONSERVACIÓN DE BOSQUES. (SERVICIOS AMBIENTALES, VENTA DE OXÍGENO)"
activity_50001,50001,PESCADORES ARTESANALES EN PEQ. ESCALA
activity_50002,50002,PESCADORES ARTESANALES MEDIOS
activity_50003,50003,"CRIADERO DE PECES, CRUSTACEOS O MOLUSCOS. COMERCIALIZACION DE LARVAS DE ESPECIES"
activity_50005,50005,PESCADORES EN GRAN ESCALA
activity_101001,101001,EXTRACCION Y AGLOMERACION DE CARBON DE PIEDRA
activity_111001,111001,EXTRACCION DE PETROLEO CRUDO Y GAS NATURAL
activity_120001,120001,EXTRACCIÓN DE MINERALES DE URANIO Y TORIO
activity_141001,141001,"EXTRACCION DE PIEDRA, ARENA Y ARCILLA"
activity_142101,142101,EXTRACCION DE MINERALES Y SUSTANCIAS PARA LA FABRICACION DEABONOS
activity_142201,142201,EXTRACCION DE SAL
activity_142901,142901,EXPLOTACION DE OTRAS MINAS Y CANTERAS N.C.P.
activity_142902,142902,VENTA DE ASFALTO/MEZCLA ASFALTICA
activity_151101,151101,"ELABORACION Y CONSERVACIÓN DE CARNE  Y EMBUTIDOS DE GANADO VACUNO, PORCINO  Y DE AVES"
activity_151102,151102,OPERACIÓN DE MATADEROS QUE REALIZAN ACTIVIDADES DE MATANZA DE ANIMALES
activity_151103,151103,PRODUCCION DE CUEROS Y PIELES SIN CURTIR
activity_151105,151105,"PRODUCCION Y VENTA DE EMBUTIDOS EMPACADOS, ENVASADO Y ENLATADO"
activity_151201,151201,"ELABORACIóN Y CONSERVACIóN DE PESCADO, CRUSTÁCEOS Y MOLUSCOS"
activity_151301,151301,"ELABORACION Y CONSERVACION DE FRUTAS, LEGUMBRES Y HORTALIZAS"
activity_151304,151304,PRODUCCIóN DE CONCENTRADOS PARA JUGOS (CITRICULTURA)
activity_151401,151401,ELABORACION Y VENTA DE ACEITES  Y GRASAS DE ORIGEN VEGETAL Y ANIMAL
activity_152001,152001,PRODUCCIóN DE HELADOS Y OTROS PRODUCTOS SIMILARES
activity_152002,152002,ELABORACIÓN Y VENTA DE PRODUCTOS LÁCTEOS NO INCLUIDOS EN CANASTA BÁSICA
activity_152003,152003,ELABORACIÓN DE PRODUCTOS DE MOLINERÍA NO INCLUIDOS CANASTA BÁSICA
activity_153101,153101,SERVICIO DE MOLIENDA
activity_153102,153102,ELABORACIÓN DE PRODUCTOS DE MOLINERÍA NO INCLUIDOS CANASTA BÁSICA
activity_153103,153103,BENEFICIO DE ARROZ
activity_153104,153104,ELABORACIÓN DE PRODUCTOS DE MOLINERÍA INCLUIDOS EN CANASTA BÁSICA
activity_153201,153201,ELABORACION DE PRODUCTOS DERIVADOS DE ALMIDON
activity_153301,153301,ELABORACION DE ALIMENTOS PARA ANIMALES DESTINADOS AL CONSUMO HUMANO
activity_153302,153302,ELABORACION DE PACAS DE HENO
activity_154101,154101,VENTA DE PAN Y OTROS PRODUCTOS SIMILARES GRAVADOS CON IVA
activity_154102,154102,ELABORACIÓN Y VENTA DE PRODUCTOS DE PANADERIA NO INCLUIDOS EN CANASTA BÁSICA
activity_154104,154104,ELABORACIÓN Y VENTA DE PRODUCTOS DE PANADERIA INCLUIDOS EN CANASTA BÁSICA
activity_154201,154201,ELABORACIÓN  Y VENTA DE AZÚCAR Y PRODUCTOS DERIVADOS DE LA CAÑA DE AZÚCAR
activity_154301,154301,ELABORACION DE CACAO
activity_154302,154302,ELABORACIÓN DE CHOCOLATE
activity_154303,154303,"ELABORACION DE DULCES, GOLOSINAS Y CONSERVAS EN AZUCAR"
activity_154401,154401,"ELABORACIÓN DE MACARRONES, FIDEOS, ALCUZCUZ Y PRODUCTOS FARINÁCEOS SIMILARES"
activity_154402,154402,"ELABORACIÓN DE MACARRONES, FIDEOS, ALCUZCUZ Y PRODUCTOS FARINÁCEOS SIMILARES INCLUIDOS EN CANASTA BÁSICA"
activity_154902,154902,FABRICACION DE PRODUCTOS ALIMENTICIOS PREPARADOS N.C.P. (NO CONTEMPLADOS EN OTRA
activity_154903,154903,FABRICACIóN DE HIELO
activity_154904,154904,"FABRICACIóN DE CAFÉ (EXCEPTO EL ENVASADO, ENLATADO, SOLUBLEY EL DESCAFEINADO)"
activity_154905,154905,ELABORACION DE PRODUCTOS DE MAIZ EXENTOS DE IVA
activity_154908,154908,ELABORACION DE PRODUCTOS DE MAIZ GRAVADOS CON IVA
activity_155101,155101,ELABORAC. RECTIFICAC MEZCLA BEBIDAS ALCOHOLICAS/PROD. DE ALCOHOL ETÍLICO (SUSTAN
activity_155103,155103,ELABORACION DE BEBIDAS CON PORCENTAJE DE ALCOHOL POR VOLUMEN MENOR AL 15%.
activity_155301,155301,ELABORACION DE BEBIDAS MALTEADAS Y DE MALTA NO ARTESANALES
activity_155302,155302,ELABORACION ARTESANAL DE BEBIDAS MALTEADAS Y DE MALTA.
activity_155403,155403,ELABORACION DE BEBIDAS NO ALCOHOLICAS / GASEOSAS / AGUA MINERAL Y DE MANANTIAL
activity_155404,155404,ELABORACION DE CONCENTRADO PARA BEBIDAS NATURALES Y GASEOSAS
activity_160001,160001,ELABORACION DE PRODUCTOS DE TABACO
activity_171101,171101,FABRICACION DE TODO TIPO DE TELAS Y/O HILOS
activity_171201,171201,MAQUILA DE PRODUCTOS TEXTILES
activity_171202,171202,HIDROFUGADO/IMPERMEABILIZADO
activity_172101,172101,"FABRICACION DE ARTICULOS CONFECCIONADOS DE MATERIALES TEXTILES, EXEPTO PRENDAS D"
activity_172103,172103,DISEÑO ARTISTICO PARA COSTURA (MOLDES)
activity_172201,172201,FABRICACION DE TAPICES Y ALFOMBRAS
activity_172301,172301,"FABRICACION DE CUERDAS, CORDELES,BRAMANTES Y REDES"
activity_172302,172302,FABRICACION DE HILOS Y CUERDAS PARA USO AGRICOLA Y PESCA
activity_172902,172902,SERVICIO DE BORDADO A MANO O A MAQUINA
activity_173001,173001,FABRICACION DE TEJDOS Y ARTICULOS DE PUNTO Y GANCHILLO
activity_181001,181001,SERVICIOS DE COSTURA Y SASTRERIA (COSTURERAS Y SASTRES)
activity_181002,181002,FABRICACION DE PRENDAS DE VESTIR (ROPA DE TODO TIPO)
activity_182001,182001,ADOBO Y TEÑIDO DE PIELES; FABRICACIÓN DE ARTÍCULOS DE PIEL NATURAL O ARTIFICIAL
activity_191101,191101,"FABRICACIóN DE MALETAS, BOLSOS DE MANO Y ARTICULOS SIMILARES"
activity_192001,192001,FABRICACION DE  TODO TIPO DE ZAPATOS EXEPTO EL ORTOPEDICO
activity_201002,201002,ASERRADO Y ACEPILLADURA DE MADERA
activity_202101,202101,"FABRICACIÓN DE HOJAS DE MADERA PARA ENCHAPADO Y TABLEROS COMO PLYWOOD, DURPANEL"
activity_202201,202201,FABRICACION DE PARTES Y PIEZAS DE CARPINTERIA PARA EDIFICIOS Y CONSTRUCCIONES
activity_202301,202301,FABRICACIóN DE TARIMAS
activity_202902,202902,"FABRICACIóN  Y/O VENTA DE ATAUDES (CAJAS MORTUORIAS, FERETROS)."
activity_210101,210101,FABRICACION DE PAPEL Y CARTON Y ENVASES DE PAPEL Y CARTON
activity_210201,210201,FABRICACION DE OTROS ARTICULOS DE PAPEL Y CARTON
activity_221101,221101,EDICION DE LIBROS DE TEXTOS
activity_221201,221201,"EDICION DE PERIODICOS, REVISTAS Y OTRAS PUBLICACIONES PERIODICAS"
activity_221901,221901,ARTES GRáFICAS
activity_222102,222102,TIPOGRAFIA  Y/O LITOGRAFIA (IMPRENTA)
activity_222104,222104,IMPRESIÓN DIGITAL
activity_222105,222105,SERIGRAFIA
activity_223001,223001,REPRODUCCION DE GRABACIONES
activity_232001,232001,REFINERIAS DE PETROLEO
activity_232002,232002,FABRICACIÓN DE PRODUCTOS DIVERSOS DERIVADOS DEL PETRÓLEO
activity_232005,232005,ELABORACION DE BIOCOMBUSTIBLES
activity_241101,241101,FABRICACION DE SUSTANCIAS QUIMICAS Y GASES INDUSTRIALES EXCEPTO ABONOS
activity_241201,241201,FABRICACION DE ABONOS Y COMPUESTOS DE NITROGENO (ORGANICOS Y QUIMICOS)
activity_241301,241301,FABRICACION DE PLASTICOS Y CAUCHO SINTETICO EN FORMAS PRIMARIAS
activity_241302,241302,FABRICACIÓN DE RESINAS
activity_242101,242101,FABRICACION DE PLAGUICIDAS Y OTROS PRODUCTOS QUIMICOS DE USO AGROPECUARIO
activity_242201,242201,"FABRICACIÓN DE PINTURAS, BARNICES Y PRODUCTOS DE REVESTIMI-TO SIMILARES"
activity_242202,242202,FABRICACION DE TINTAS DE IMPRENTAS
activity_242301,242301,"FABRICACIÓN PRODUCTOS FARMACÉUTICOS, SUSTANCIAS QUÍMICAS  Y PRODUCTOS BOTANICOS"
activity_242401,242401,"FABRICACION JABONES, DETERGENTES, PREPARADOS DE TOCADOR, PARA LIMPIAR PULIR "
activity_242404,242404,FABRICACION DE JABONES DE TOCADOR
activity_242405,242405,FABRICACION DE JABONES PARA LAVAR (EXCEPTO PREPARACIONES TENSO ACTIVAS USADAS
activity_242406,242406,"FABRICACION DE CERAS, ABRILLANTADORES, LUSTRADORES Y PREPARACIONES SIMILARES"
activity_242901,242901,FABRICACION DE OTROS PRODUCTOS QUIMICOS.
activity_242902,242902,FABRICACION DE PEGAMENTOS Y ADHESIVOS
activity_242903,242903,REPARACION DE ARMAS DE FUEGO
activity_243001,243001,FABRICACION DE FIBRAS SINTETICAS
activity_251101,251101,FABRICACION DE LLANTAS Y CUBIERTAS PARA EQUIPO Y MAQUINARIAMOVIL
activity_251102,251102,REENCAUCHADORA DE LLANTAS
activity_251901,251901,FABRICACIÓN DE OTROS PRODUCTOS DE CAUCHO
activity_252001,252001,FABRICACION DE ARTICULOS DE PLASTICO
activity_261001,261001,FABRICACION DE VIDRIO Y PRODUCTOS DE VIDRIO
activity_269101,269101,FABRICACIÓN PRODUCTOS DE CERÁMICA BARRO LOZA Y/O PORCELANANO REFRACTARIA USO NO ESTRUCTURAL
activity_269201,269201,FABRICACION DE PRODUCTOS DE CERAMICA REFRACTARIA
activity_269301,269301,FABRICACIÓN DE PRODUCTOS DE ARCILLA Y CERÁMICA NO REFRACTARIAS PARA USO ESTRUCTURAL
activity_269401,269401,"FABRICACIÓN Y/O VENTA DE CEMENTO, CAL Y YESO"
activity_269501,269501,"FABRICACION DE ARTÍCULOS DE CEMENTO, YESO Y HORMIGON PARA LA CONSTRUCCION"
activity_269601,269601,"CORTE, TALLADO Y ACABADO DE LA PIEDRA"
activity_269901,269901,FABRICACIÓN DE OTROS PRODUCTOS MINERALES NO METÁLICOS N.C.P.
activity_271001,271001,INDUSTRIAS BÁSICAS DE HIERRO Y ACERO
activity_272001,272001,FABRICACIÓN DE PRODUCTOS PRIMARIOS DE METALES PRECIOSOS Y METALES NO FERROSOS
activity_273101,273101,FUNDICION DE HIERRO Y ACERO
activity_273201,273201,FUNDICIÓN DE METALES NO FERROSOS
activity_281101,281101,FABRICACION DE PRODUCTOS METALICOS PARA USO ESTRUCTURAL
activity_281201,281201,"FABRICACIÓN DE TANQUES, DEPÓSITOS Y RECIPIENTES DE METAL"
activity_281301,281301,"FABRICACIÓN GENERADORES DE VAPOR, EXCEPTO CALDERAS DE AGUA CALIENTE PARA CALEFACCIÓN"
activity_289201,289201,SERVICIOS DE SOLDADURA
activity_289202,289202,SERVICIO DE TRATAMIENTO Y REVESTIMIENTO DE TODO TIPO DE MATERIALES
activity_289302,289302,HOJALATERIA
activity_289304,289304,TALLER DE MECáNICA DE PRECISIÓN
activity_289305,289305,"FABRICACION DE PIEZAS, ARTICULOS Y ACCESORIOS DE METAL INCLUYE LAS CERRAJERIAS."
activity_289306,289306,SERVICIOS DE TORNO (MECANICA DE PRECISION)
activity_289902,289902,FABRICACIÓN DE OTROS PRODUCTOS ELABORADOS DE METAL N.C.P.
activity_290001,290001,SERVICIO DE REPARACION DE MAQUINARIA Y EQUIPO.
activity_290003,290003,SERVICIO DE MANTENIMIENTO DE MAQUINARIA Y EQUIPO.
activity_291101,291101,"FABRICACIÓN DE MOTORES Y TURBINAS, EXCEPTO MOTORES PARA AERONAVES, VEHÍCULOS AUT"
activity_291201,291201,"FABRICACIÓN DE BOMBAS, COMPRESORES, GRIFOS Y VÁLVULAS"
activity_291202,291202,VENTA DE BOMBAS DE AGUA
activity_291401,291401,FABRICACIÓN DE HORNOS Y QUEMADORES
activity_291901,291901,REPARACION DE EQUIPO DE REFRIGERACION Y CONGELACION
activity_291903,291903,INSTALACION Y/O MANTENIMIENTO DE EQUIPO DE REFRIGERACION Y CONGELACION
activity_292101,292101,FABRICACION DE MAQUINARIA AGRICOLA
activity_292201,292201,FABRICACIÓN DE MÁQUINAS HERRAMIENTA
activity_292301,292301,FABRICACIÓN DE MAQUINARIA METALÚRGICA
activity_292401,292401,FABRICACIÓN DE MAQUINARIA PARA LA EXPLOTACIÓN DE MINAS Y CANTERAS
activity_292402,292402,PERFORACION DE POZOS
activity_292501,292501,"FABRICACIÓN DE MAQUINARIA PARA LA ELABORACIÓN DE ALIMENTOS,BEBIDAS Y TABACO"
activity_292601,292601,"FABRICACIÓN MAQUINARIA PARA LA ELABORACIÓN DE PRODUCTOS TEXTILES, PRENDAS DE VES"
activity_292701,292701,FABRICACIÓN DE ARMAS Y MUNICIONES
activity_292901,292901,FABRICACIÓN DE OTROS TIPOS DE MAQUINARIA DE USO ESPECIAL
activity_293001,293001,FABRICACIÓN DE APARATOS DE USO DOMÉSTICO N.C.P.
activity_300001,300001,"FABRICACIÓN DE MAQUINARIA DE OFICINA, CONTABILIDAD E INFORMÁTICA"
activity_311001,311001,"FABRICACION DE MOTORES, GENERADORES Y TRANSFORMADORES ELECTRICOS, PARTES Y ACCESORIOS"
activity_313001,313001,FABRICACIÓN DE HILOS Y CABLES AISLADOS
activity_314001,314001,"FABRICACION DE PILAS, BATERIAS Y ACUMULADORES"
activity_315001,315001,FABRICACION DE LAMPARAS ELECTRICAS Y EQUIPO DE ILUMINACION
activity_319001,319001,FABRICACIÓN DE OTROS TIPOS DE EQUIPO ELÉCTRICO N.C.P.
activity_321001,321001,MANUFACTURA O FABRICACION DE OTROS COMPONENTES ELECTRONICOS
activity_321002,321002,DISEÑO DE COMPONENTES ELECTRONICOS
activity_322001,322001,FABRICACION DE TRANSMISORES Y RECEPTORES DE RADIO Y TELEVISION
activity_331101,331101,FABRICACION  DE PROTESIS EN GENERAL
activity_331102,331102,FABRICACION Y COMERCIALIZACION DE EQUIPO MEDICO
activity_331103,331103,FABRICACION Y COMERCIALIZACION DE ZAPATOS ORTOPEDICOS
activity_331201,331201,"FABRICACIÓN DE EQUIPOS PARA MEDIR, VERIFICAR, Y NAVEGAR Y DE EQUIPOS DE CONTROL"
activity_332001,332001,FABRICACIÓN DE INSTRUMENTOS OPTICOS Y EQUIPO FOTOGRÁFICO
activity_333001,333001,FABRICACION DE RELOJES DE TODO TIPO
activity_341001,341001,FABRICACIÓN DE VEHÍCULOS AUTOMOTORES
activity_342001,342001,"FABRICACIÓN DE CARROCERÍAS PARA VEHÍCULOS AUTOMOTORES, REMOLQUES Y SEMIREMOLQUES"
activity_34200,34200,"2 FABRICACION DE CARROCERIAS PARA CAMIONES DE LAS PARTIDAS ARANCELARIAS 870790002"
activity_343001,343001,"FABRICACIÓN DE PARTES, PIEZAS Y ACCESORIOS PARA VEHÍCULOS AUTOMOTORES"
activity_351101,351101,SERVICIO DE REPARACION DE EMBARCACIONES Y SUS PARTES Y/O ESTRUCTURAS FLOTANTES
activity_351102,351102,CONSTRUCCION DE EMBARCACIONES Y ESTRUCTURAS FLOTANTES
activity_351103,351103,VENTA DE EMBARCACIONES DE MOTOR Y VELA
activity_352001,352001,FABRICACIÓN DE LOCOMOTORAS Y  MATERIAL RODANTE PARA FERROCARRILES Y TRANVÍAS
activity_353001,353001,FABRICACIÓN DE AERONAVES Y NAVES ESPACIALES Y MAQUINARIA CONEXA
activity_359101,359101,"FABRICACIÓN DE MOTOCICLETAS, PARTES, PIEZAS Y SUS ACCESORIOS"
activity_359201,359201,"FABRICACION DE BICICLETAS Y SILLAS DE RUEDAS, PARTES, PIEZAS Y SUS ACCESORIOS"
activity_359901,359901,FABRICACIÓN DE OTROS TIPOS DE EQUIPO DE TRANSPORTE N.C.P.
activity_361001,361001,FABRICACION Y/O REPARACION DE MUEBLES Y ACCESORIOS (INCLUYECOLCHONES)
activity_361002,361002,REPARACIóN DE TAPICERíA
activity_361004,361004,MAQUILA DE MUEBLES
activity_369101,369101,"FABRICACIÓN DE JOYAS, BISUTERIA Y ARTÍCULOS CONEXOS"
activity_369201,369201,"FABRICACION DE INSTRUMENTOS MUSICALES, PARTES Y PIEZAS Y SUS ACCESORIOS"
activity_369301,369301,FABRICACIÓN DE ARTÍCULOS DE DEPORTE
activity_369401,369401,FABRICACION DE JUEGOS Y JUGUETES
activity_369901,369901,FABRICACIÓN DE  ESCOBAS
activity_369902,369902,"FABRICACIóN DE VELAS (CANDELAS) EXCEPTO LAS PERFUMADAS, COLOREADAS Y DECORADAS."
activity_369903,369903,"FABRICACIóN DE VELAS COLOREADAS, PERFUMADAS Y DECORADAS"
activity_369904,369904,"FABRICACION DE SELLOS DE MANO, METAL O HULE (CAUCHO)"
activity_371001,371001,RECICLAJE DE DESPERDICIOS Y DESECHOS METáLICOS
activity_372001,372001,RECICLAJE DE OTRO TIPO DE MATERIALES N.C.P.
activity_372003,372003,RECICLAJE DE PAPEL Y PLASTICO Y MATERIALES RELACIONADOS
activity_401002,401002,"GENERACIÓN Y/O DISTRIBUCION DE ENERGIA ELECTRICA (HIDRAULICA,CONVENCIONAL, TERMI"
activity_401004,401004,"FABRICACION, ENSAMBLE Y VENTA DE SISTEMAS PARA EL APROVECHAMIENTO DE ENERGIAS RE"
activity_402001,402001,FABRICACIÓN DE GAS; DISTRIBUCIÓN DE COMBUSTIBLES GASEOSOS POR TUBERÍAS
activity_402002,402002,INSTALACION Y VENTA DE TANQUES PARA GAS
activity_403001,403001,SUMINISTRO DE VAPOR Y AIRE ACONDICIONADO
activity_410001,410001,"CAPTACION, TRATAMIENTO Y DISTRIBUCION DE AGUA"
activity_451001,451001,DEMOLICION DE EDIFICIOS Y OTRAS ESTRUCTURAS
activity_451002,451002,PREPARACIóN DE TERRENOS
activity_452002,452002,"CONSTRUCCION DE EDIFICIOS, APARTAMENTOS, CONDOMINIOS  Y CASAS DE HABITACION"
activity_452003,452003,"MANTENIMIENTO, REPARACION Y AMPLIACIONES DE EDIFICIOS, APARTAMENTOS, CONDOMINIOS"
activity_452005,452005,CONSTRUCCION Y MANTENIMIENTO DE CARRETERAS Y OTRAS VIAS
activity_452006,452006,ACTIVIDADES DE CONSTRUCCIÓN ESPECIALES
activity_453001,453001,REPARACION DE AIRE ACONDICIONADO
activity_453002,453002,REPARACIóN  DE ASCENSORES(ELEVADORES)
activity_453003,453003,VENTA E INSTALACION DE ALARMAS Y OTROS SISTEMAS ELECTRICOS
activity_453004,453004,REPARACION DE CABLEADO DE COMUNICACIONES
activity_453005,453005,INSTALACIÓN DE ALARMAS Y OTROS SISTEMAS DE SEGURIDAD
activity_453006,453006,INSTALACION Y MANTENIMIENTO DE AIRE ACONDICIONADO
activity_453007,453007,INSTALACION Y MANTENIMIENTO DE ASCENSORES (ELEVADORES)
activity_453008,453008,INSTALACION Y MANTENIMIENTO DE CABLEADO DE COMUNICACIONES Y/O ENERGIA ELECTRICA
activity_453009,453009,REPARACION DE PORTONES ELECTRICOS
activity_453010,453010,INSTALACION Y MANTENIMIENTO DE PORTONES ELECTRICOS
activity_453011,453011,INSTALACION Y MANTENIMIENTO DE CONMUTADORES Y OTROS SISTEMAS PARA TELECOMUNICACI
activity_454001,454001,SERVICIOS DE TERMINACIÓN Y ACABADO DE EDIFICIOS
activity_455001,455001,ALQUILER DE EQUIPO DE CONSTRUCCION O DEMOLICION CON OPERADORES
activity_501001,501001,VENTA AL POR MAYOR Y MENOR DE VEHICULOS NUEVOS Y/O USADOS (PARTIDAS ARANCELARIAS 8702 Y 8704)
activity_501002,501002,"VENTA AL POR MAYOR Y MENOR DE VEHICULOS NUEVOS Y/O USADOS, EXCEPTO PARTIDAS ARANCELARIAS 8702 Y 8704"
activity_502001,502001,"LAVADO, ENCERADO Y PULIDO DE AUTOMÓVILES (LAVA CAR)"
activity_502002,502002,SERVICIOS DE  ALINEAMIENTO Y REPARACIÓN DE LLANTAS
activity_502003,502003,SERVICIO DE REPARACION DE TODA CLASE DE VEHICULOS Y SUS PARTES
activity_502004,502004,SERVICIO DE ENDEREZADO Y PINTURA PARA TODA CLASE DE VEHICULO
activity_502007,502007,AUTODECORACIóN
activity_502008,502008,SERVICIO DE REVISION TECNICA VEHICULAR(DIAGNOSTICOS POR ESCANER)
activity_503002,503002,VENTA DE REPUESTOS USADOS PARA AUTOMOVILES
activity_503004,503004,VENTA DE REPUESTOS NUEVOS PARA AUTOMOVILES
activity_503005,503005,COMERCIALIZACION DE LLANTAS (NEUMATICAS) PARA VEHICULOS AUTOMOTORES
activity_503006,503006,ACTIVIDADES DE DESARME DE VEHICULOS Y VENTA DE REPUESTOS
activity_504001,504001,VENTA DE MOTOCICLETAS
activity_504003,504003,VENTA DE PARTES O ACCESORIOS DE MOTOCICLETAS
activity_504004,504004,SERVICIO DE REPARACION DE TODA CLASE DE MOTOCICLETAS Y SUS PARTES
activity_505001,505001,VENTA DE COMBUSTIBLES (CONOCIDAS COMO GASOLINERAS O BOMBAS)
activity_505002,505002,"VENTA DE LUBRICANTES, ACEITES, GRASAS Y PRODUCTOS DE LIMPIEZA PARA AUTOMOTORES"
activity_505003,505003,COMERCIO DE COMBUSTIBLE SIN PUNTO FIJO (PEDDLER)
activity_511001,511001,"COMISIONISTAS, AGENTES DE VENTAS, ORGANIZADORES DE SUBASTAS,TIQUETERAS, ETC."
activity_512102,512102,VENTA AL POR MAYOR DE FLORES Y PLANTAS DE TODO TIPO
activity_512201,512201,VENTA AL POR MAYOR DE OTROS ALIMENTOS INCLUIDOS EN CANASTA BÁSICA
activity_512202,512202,VENTA AL POR MAYOR DE FRUTAS Y VERDURAS FRESCAS INCLUIDAS EN CANASTA BÁSICA
activity_512204,512204,COMERCIO AL POR MAYOR DE PRODUCTOS LáCTEOS
activity_512208,512208,COMERCIO AL POR MAYOR DE PRODUCTOS DE CONFITERíA
activity_512209,512209,COMERCIO AL POR MAYOR DE PRODUCTOS DE TABACO
activity_512210,512210,COMERCIO AL POR MAYOR DE BEBIDAS CON CONTENIDO ALCOHOLICO (IMPORTADORES)
activity_512211,512211,COMERCIO AL POR MAYOR DE OTROS ALIMENTOS N.C.P. GRAVADOS CON IVA
activity_512213,512213,COMERCIO AL POR MAYOR DE BEBIDAS GASEOSAS Y CARBONATADAS
activity_512214,512214,"VENTA AL POR MAYOR DE CAFE (EXCEPTO EL ENVASADO, ENLATADO, SOLUBLE, DESCAFEINADO"
activity_523407,523407,VENTA AL POR MENOR DE PLYWOOD
activity_512217,512217,COMERCIO AL POR MAYOR DE VINOS. BEBIDAS FERMENTADAS Y NO FERMENTADAS
activity_512225,512225,"COMERCIO AL POR MAYOR DE BEBIDAS NO ALCOHOLICAS (JUGOS DEFRUTAS, VEGETALES) Y AG"
activity_512232,512232,COMERCIO AL POR MAYOR DE PRODUCTOS SUSTITUTOS DEL AZUCAR
activity_512233,512233,VENTA AL POR MAYOR DE CARNES Y PRODUCTOS CÁRNICOS
activity_512234,512234,COMERCIO AL POR MAYOR DE CERVEZA IMPORTADA
activity_512235,512235,VENTA AL POR MAYOR DE FRUTAS Y VERDURAS FRESCAS NO INCLUIDAS EN CANASTA BÁSICA
activity_513101,513101,"VENTA AL POR MAYOR DE  CALZADO, PRODUCTOS TEXTíLES; PRENDAS DE VESTIR"
activity_513501,513501,VENTA AL POR MAYOR DE PREPARADOS Y/O ARTICULOS PARA LA LIMPIEZA DE USO GENERAL
activity_513602,513602,VENTA AL POR MAYOR DE PRODUCTOS VETERINARIOS GRAVADOS CON IVA
activity_513604,513604,VENTA AL POR MAYOR EQUIPO MÉDICO ACCESORIO MEDICAMENTO PRODUC FARMACEUTICO GRAVADOS IVA
activity_513710,513710,VENTA AL POR MAYOR DE LIBROS (EXCEPTO EN MEDIOS ELECTRÓNICOS)
activity_513901,513901,VENTA AL POR MENOR DE ARTICULOS DEPORTIVOS
activity_513904,513904,VENTA AL POR MAYOR DE SUMINISTROS Y ARTíCULOS DE LIBRERíA
activity_513906,513906,"VENTA AL POR MAYOR DE ARTICULOS, ARTEFACTOS, DISCOS Y MUEBLES PARA EL HOGAR"
activity_513907,513907,VENTA AL POR MAYOR DE DISCOS COMPACTOS Y OTROS DISPOSITIVOSDE GRABACION
activity_513910,513910,VENTA AL POR MAYOR DE TODO TIPO DE ARTICULOS POR CATALOGO
activity_514101,514101,VENTA AL POR MAYOR DE COMBUSTIBLES SOLIDOS (LEÑA Y SIMILARES)
activity_514103,514103,VENTA AL POR MAYOR DE COMBUSTIBLES SOLIDOS (CARBON)
activity_514201,514201,VENTA AL POR MAYOR DE METALES Y MINERALES METALÍFEROS
activity_514304,514304,VENTA AL POR MAYOR DE EQUIPO DE AIRE ACONDICIONADO Y CALENTADORES (ELECTRICOS)
activity_514308,514308,"VENTA AL POR MAYOR DE  MATERIALES PARA LA CONTRUCCION, ARTICULOS DE FERRETERIA,"
activity_514701,514701,"VENTA AL POR MAYOR DE PRODUCTOS,SUSTANCIAS O REACTIVOS QUIMICOS Y SOLVENTES"
activity_514901,514901,VENTA AL POR MAYOR  Y AL POR MENOR DE CHATARRA
activity_514903,514903,VENTA AL POR MAYOR DE PRODUCTOS PARA USO AGROPECUARIO Y VENTA DESECHOS ORGANICOS
activity_515001,515001,"VENTA AL POR MAYOR DE MAQUINARIA Y EQUIPO INDUSTRIAL, DE CONSTRUCCION, INGENIERIA"
activity_515002,515002,VENTA AL POR MAYOR DE REPUESTOS Y/O ACCESORIOS PARA MAQUINARIA Y EQUIPO AGROPECUARIO
activity_515003,515003,VENTA AL POR MAYOR DE MAQUINARIA Y EQUIPO AGROPECUARIO
activity_515004,515004,VENTA AL POR MAYOR DE EXTINTORES Y EQUIPO SIMILAR
activity_515201,515201,"VENTA AL  POR MAYOR DE EQUIPO DE COMPUTO, SUS PARTES Y ACCESORIOS"
activity_515203,515203,VENTA AL POR MAYOR DE EQUIPO Y SUMINISTROS DE OFICINA
activity_519003,519003,"VENTA AL POR MAYOR DE EQUIPO, ARTICULOS Y ACCESORIOS DE BELLEZA, COSMETICOS E HIGIENE"
activity_519005,519005,VENTA AL POR MAYOR DE EQUIPO PARA CAMPO DE JUEGOS (PLAY)
activity_519006,519006,DISTRIBUCION Y COMERCIALIZACION AL POR MAYOR DE MATERIAL DEEMPAQUE
activity_519010,519010,COMERCIALIZACION Y DISTRIBUCION AL POR MAYOR DE ALIMENTOS PREPARADOS PARA ANIMAL
activity_519011,519011,COMERCIO AL POR MAYOR DE EQUIPO Y ACCESORIOS PARA PESCA DEPORTIVA O ARTESANAL
activity_519013,519013,COMERCIALIZACION AL POR MAYOR DE SUPLEMENTOS ALIMENTICIOS
activity_519014,519014,VENTA AL POR MAYOR DE POLEN Y/O  SEMILLAS PARA USO AGRICOLA
activity_519015,519015,VENTA AL POR MAYOR DE OTROS PRODUCTOS NO ESPECIALIZADOS
activity_519016,519016,VENTA AL POR MAYOR DE ARTICULOS Y ACCESORIOS ELECTRONICOS
activity_521101,521101,"VENTA AL POR MENOR EN SUPERMERCADOS, ALMACENES Y SIMILARES DE PRODUCTOS ALIMENTICIOS"
activity_521102,521102,"VENTA AL POR MENOR DE ESPECIAS, SALSAS Y CONDIMENTOS"
activity_521201,521201,VENTA AL POR MENOR EN TIENDAS POR DEPARTAMENTOS
activity_521202,521202,PULPERíAS ( MINI-SUPER)(SIN CANTINA)
activity_521901,521901,VENTA AL POR MENOR EN TIENDAS POR DEPARTAMENTOS
activity_522001,522001,COMERCIO AL POR MENOR DE CONFITES Y OTROS PRODUCTOS RELACIONADOS (CONFITERIA)
activity_522002,522002,"VENTA AL POR MENOR DE CARNE DE BOVINO, PORCINO Y AVES (ADEMÁS EMBUTIDOS), INCLUIDOS EN CANASTA BÁSICA"
activity_522003,522003,MACROBIóTICAS
activity_522004,522004,VENTA AL POR MENOR DE PRUTAS Y VERDURAS FRESCAS INCLUIDAS EN CANASTA BÁSICA
activity_522005,522005,VENTA AL POR MENOR DE PESCADOS INCLUIDOS EN CANASTA BÁSICA
activity_522007,522007,LICORERíAS Y/O DEPOSITO DE LICORES (VENTA AL POR MENOR)
activity_522008,522008,VENTA AL POR MENOR DE HUEVOS DE GALLINA INCLUIDOS EN LA CANASTA BASICA
activity_522009,522009,"VENTA AL POR MENOR DE PRUTAS Y VERDURAS FRESCAS, NO INCLUIDAS EN CANASTA BÁSICA"
activity_522011,522011,"PREPARACIÓN, SERVICIO Y VENTA DE FRUTAS PICADAS Y BEBIDAS DE FRUTAS Y/O LEGUMBRE"
activity_522012,522012,COMERCIO AL POR MENOR DE BEBIDAS GASEOSAS Y CARBONATADAS
activity_522013,522013,COMERCIO AL POR MENOR DE AGUA EMBOTELLADA
activity_522016,522016,COMERCIO AL POR MENOR DE PRODUCTOS DE TABACO
activity_522017,522017,"VENTA AL POR MENOR DE CARNE DE BOVINO, PORCINO Y AVES (ADEMÁS EMBUTIDOS) NO INCLUIDOS EN CANASTA BÁSICA"
activity_522018,522018,"VENTA AL POR MENOR  DE PESCADOS Y MARISCOS , ASI COMO OTROS PRODUCTOS DE ORIGEN MARINO"
activity_522020,522020,VENTA AL POR MENOR DE OTROS ALIMENTOS INCLUIDOS EN CANASTA BÁSICA
activity_522021,522021,VENTA AL POR MENOR DE OTROS ALIMENTOS NO INCLUIDOS EN CANASTA BÁSICA
activity_523101,523101,FARMACIAS
activity_523102,523102,VENTA AL POR MENOR DE COSMETICOS Y PERFUMERIA
activity_523103,523103,VENTA AL POR MENOR DE PRÓTESIS EN GENERAL
activity_523201,523201,BAZARES
activity_523202,523202,VENTA AL POR MENOR DE ROPA (BOUTIQUE)
activity_523203,523203,VENTA AL POR MENOR DE CALZADO (ZAPATAERIAS)
activity_523204,523204,PASAMANERíAS
activity_523205,523205,"VENTA AL POR MENOR DE PRENDAS DE VESTIR, ROPA Y ZAPATOS (TIENDAS)"
activity_523206,523206,SERVICIO DE FOTOCOPIADORA
activity_523207,523207,VENTA AL POR MENOR DE ARTíCULOS DE CUERO (EXCEPTO CALZADO)
activity_523208,523208,VENTA AL POR MENOR DE PRODUCTOS TEXTILES (TELAS)
activity_523209,523209,VENTA AL POR MENOR DE MATERIALES PARA CALZADO
activity_523301,523301,COMERCIO AL POR MENOR DE OBJETOS DE CERAMICA  Y PORCELANA
activity_523302,523302,VENTA AL POR MENOR DE CRISTALERíA
activity_523303,523303,"VENTA AL POR MENOR DE DISCOS, CD'S Y OTROS SIMILARES"
activity_523304,523304,"VENTA AL POR MENOR DE ELECTRODOMESTICOS, MUEBLES Y ARTICULOS PARA EL HOGAR"
activity_523306,523306,VENTA AL POR MENOR DE ANTIGUEDADES
activity_523308,523308,"VENTA AL POR MENOR DE INSTRUMENTOS MUSICALES, PARTES Y ACCESORIOS"
activity_523309,523309,VENTA DE CUADROS PINTURAS HECHAS POR PINTORES NACIONALES Y EXTRANJEROS PRODUCIDO
activity_523401,523401,VENTA AL POR MENOR DE DEPóSITO DE MADERA
activity_523402,523402,VENTA AL POR MENOR ARTÍCULOS DE FERRETERÍA PINTURAS MADERA Y MATERIALES PARA LA CONSTRUCCIÓN
activity_523403,523403,VENTA DE PINTURAS
activity_523404,523404,VENTA AL POR MENOR DE VIDRIO PARA LA CONSTRUCCION
activity_523405,523405,VENTA AL POR MENOR DE MATERIALES PARA LA CONSTRUCCION
activity_523406,523406,"VENTA AL POR MENOR DE ARTICULOS ELECTRONICOS, ELECTRICOS Y SIMILARES"
activity_523501,523501,VENTA AL POR MENOR REALIZADA DENTRO DEL DEPÓSITO LIBRE COMERCIAL DE GOLFITO.
activity_523601,523601,"COMERCIO AL POR MENOR DE COMPUTADORAS, ACCESORIOS, MICROCOMPONENTES Y PAQUETES "
activity_523701,523701,LIBRERÍAS
activity_523702,523702,VENTA AL POR MENOR DE REVISTAS/PERIODICOS EN PUESTOS DE VENTAS O MERCADOS
activity_523703,523703,VENTA AL POR MENOR DE LIBROS (EXCEPTO EN MEDIOS ELECTRÓNICOS)
activity_523801,523801,VENTA AL POR MENOR DE ARMAS (ARMERIAS)
activity_523803,523803,VENTA AL POR MENOR DE MAQUINARIA Y EQUIPO DE TODO TIPO Y ARTICULOS CONEXOS
activity_523805,523805,"VENTA AL POR MENOR DE PURIFICADORES DE AGUA, SUS PARTES Y REPUESTOS"
activity_523806,523806,VENTA AL POR MENOR DE MAQUINARIA INDUSTRIAL USADA
activity_523807,523807,"VENTA AL POR MENOR DE REPUESTOS NUEVOS PARA MAQUINARIA, EQUIPO Y OTROS"
activity_523808,523808,"VENTA AL POR MENOR DE REPUESTOS USADOS PARA MAQUINARIA, EQUIPO Y OTROS"
activity_523901,523901,VENTA AL POR MENOR DE OTROS PRODUCTOS EN ALMACENES ESPECIALIZADOS
activity_523902,523902,VENTA AL POR MENOR DE SUMINISTROS Y/0 EQUIPO DE OFICINA
activity_523903,523903,VENTA AL POR MENOR DE FLORES
activity_523904,523904,SERVICIOS DE REPARACION DE JOYERIA Y RELOJERIA EN GENERAL
activity_523905,523905,"VENTA AL POR MENOR DE JOYERíA, RELOJERIA Y BISUTERIA"
activity_523906,523906,VENTA AL POR MENOR CELULARES ACCESORIOS EQUIPO Y ART PARA COMUNICACIONES
activity_523907,523907,FLORISTERIA
activity_523908,523908,COMERCIO AL POR MENOR DE ANIMALES DOMÉSTICOS PARA CONSUMO HUMANO
activity_523909,523909,VENTA DE PRODUCTOS DE ARTESANIA Y SOUVENIR
activity_523910,523910,VENTA AL POR MENOR DE JUGUETES Y/O ARTICULOS DE ESPARCIMIENTO
activity_523911,523911,VENTA AL POR MENOR DE OTROS PRODUCTOS NUEVOS EN COMERCIOS ESPECIALIZADOS NO INCLUIDOS EN CANASTA BÁSICA
activity_523912,523912,VENTA AL POR MENOR Y MAYOR DE PRODUCTOS E INSUMOS AGROPECUARIOS
activity_523913,523913,VENTA AL POR MENOR DE ANIMALES DOMESTICOS PARA MASCOTAS.
activity_523915,523915,DISTRIBUCION Y VENTA DE GAS EN CILINDRO
activity_523916,523916,COMERCIO AL POR MENOR DE ALIMENTOS Y PRODUCTOS N.C.P. EXENTOS DE IVA
activity_523917,523917,VENTA AL POR MENOR DE BICICLETAS Y SUS ACCESORIOS
activity_523918,523918,VENTA AL POR MENOR DE EQUIPO DE AUDIO Y VIDEO
activity_523919,523919,VENTA AL POR MENOR DE ARTICULOS Y ACCESORIOS ORTOPEDICOS
activity_523920,523920,VENTA AL POR MENOR DE ANTEOJOS Y ARTICULOS OPTICOS (OPTICA)
activity_523921,523921,"VENTA AL POR MENOR DE CAJAS REGISTRADORAS, CALCULADORAS O MAQUINAS DE CONTABILIDAD"
activity_523922,523922,VENTA AL POR MENOR DE POLEN Y SEMILLAS
activity_523923,523923,VENTA AL POR MENOR DE REPUESTOS PARA ELECTRODOMESTICOS
activity_523925,523925,VENTA AL POR MENOR DE EXTINTORES
activity_523926,523926,MANTENIMIENTO DE EXTINTORES
activity_523927,523927,REPARACION EQUIPO DE AUDIO Y VIDEO
activity_523929,523929,VENTA DE PERROS ENTRENADOS PARA SEGURIDAD
activity_523930,523930,VENTA AL POR MENOR DE PIEZAS DE BAMBU
activity_523935,523935,VENTA AL POR MENOR DE OTROS PRODUCTOS NUEVOS EN COMERCIOS ESPECIALIZADOS NO INCLUIDOS EN CANASTA BÁSICA
activity_524001,524001,VENTA DE TODO TIPO DE ARTICULOS USADOS
activity_524002,524002,CASA DE EMPEñO Y AFíN
activity_524004,524004,VENTA DE LIBROS USADOS
activity_524005,524005,"VENTA DE MONEDAS, BILLETES,ESTAMPILLAS (NUEVAS Y USADAS) PARA COLECCION "
activity_525101,525101,VENTA AL POR MENOR DE TODO TIPO DE ARTICULOS POR CATALOGO
activity_525201,525201,VENTA DE REVISTAS/PERIÓDICOS (PUESTOS CALLEJEROS)
activity_525301,525301,VENTA AL POR MENOR DE LOTERIA Y SIMILARES
activity_525303,525303,EMISIÓN DE LA LOTERIA NACIONAL Y SIMILARES
activity_525901,525901,VENTA DE ALFOMBRAS Y TAPICES
activity_525902,525902,VENTA AMBULANTE DE ARTICULOS PARA EL HOGAR
activity_525903,525903,VENTA DE LIBROS A DOMICILIO
activity_525904,525904,TRABAJOS DE  MANUALIDADES
activity_525905,525905,"VENTA AL POR MENOR DE TARJETAS TELEFóNICAS, PINES, TIEMPO AIRE Y SIMILARES"
activity_526001,526001,SERVICIOS DE REPARACIÓN DE ZAPATOS
activity_526002,526002,REPARACION DE MUEBLES Y ACCESORIOS DOMESTICOS
activity_526003,526003,REPARACION DE BICICLETAS
activity_526005,526005,"ELECTRICISTA, SERVICIOS"
activity_526006,526006,REPARACION DE ARTICULOS ELECTRICOS
activity_526008,526008,REPARACION Y MANTENIMIENTO DE PERSIANAS Y CORTINAS
activity_526010,526010,INSTALACION Y MANTENIMIENTO DE PERSIANAS Y CORTINAS
activity_526011,526011,REPARACION Y MANTENIMIENTO DE EQUIPO PARA TELECOMUNICACIONES
activity_526012,526012,"INSTALACION Y MANTENIMIENTO DE PISCINAS,JACUZZIS Y SIMILARES"
activity_551002,551002,HOTEL
activity_551004,551004,"MOTEL Y/O SERVICIO DE HABITACION OCASIONAL, ALBERGUES, POSADAS Y SIMILARES"
activity_551005,551005,SERVICIO DE SALAS VIP Y PREMIUN EN AEROPUERTOS
activity_552001,552001,"BARES, CANTINAS O TABERNAS"
activity_552002,552002,CAFETERíAS
activity_552003,552003,SERVICIOS DE CATERING SERVICE
activity_552004,552004,"SERVICIO DE RESTAURANTE, CAFETERIAS, SODAS Y OTROS EXPENDIOS DE COMIDA"
activity_552005,552005,SODAS
activity_552007,552007,OTROS EXPENDIOS DE COMIDAS
activity_601001,601001,SERVICIO DE TRANSPORTE POR VÍA FÉRREA
activity_602001,602001,SERVICIO DE TRANSPORTE DE CARGA POR VÍA TERRESTRE
activity_602002,602002,TRANSPORTE DE  PRODUCTOS DERIVADOS DEL PETROLEO
activity_602101,602101,TRANSPORTE REGULAR DE ESTUDIANTES Y EMPLEADOS POR VIA TERRESTRE
activity_602102,602102,TRANSPORTE REGULAR DE PASAJEROS POR VIA TERRESTRE
activity_602201,602201,TRANSPORTE NO REGULAR DE PASAJEROS POR VIA TERRESTRE (EXCURSIONES)
activity_602202,602202,SERVICIO DE TAXI
activity_602203,602203,SERVICIO ESPECIAL ESTABLE DE TAXI (SEETAXI)
activity_602301,602301,SERVICIO DE ACARREO Y DISTRIBUCION DE TODO TIPO DE MERCANCIA (INCLUYE LA MUDANZA
activity_602302,602302,SERVICIOS DE GRUA
activity_602304,602304,SERVICIO DE MUDANZA INTERNACIONAL
activity_603001,603001,SERVICIO DE TRANSPORTE POR TUBERÍAS
activity_611001,611001,TRANSPORTE DE CARGA POR  VIA ACUATICA
activity_611002,611002,TRANSPORTE DE CABOTAJE DE PASAJEROS POR  VIA ACUATICA
activity_621001,621001,SERVICIO DE TRANSPORTE DE CARGA POR VIA AEREA
activity_621002,621002,SERVICIO DE TRANSPORTE AEREO REGULADO DE PASAJEROS (LINEAS AEREAS)
activity_621003,621003,SERVICIO DE PILOTAJE
activity_622001,622001,SERVICIO DE TRANSPORTE AEREO NO REGULAR DE PASAJEROS
activity_630001,630001,PRESTACION DE SERVICIOS DE TRANSITO AEREO
activity_630101,630101,SERVICIO DE CONSOLIDACION DE CARGA Y DESCARGA
activity_630201,630201,SERVICIOS DE ALMACENAJE
activity_630301,630301,PARQUEOS/ESTACIONAMIENTO DE VEHíCULOS
activity_630302,630302,"FUNCIONAMIENTO DE INSTALACIONES TERMINALES COMO PUERTOS, MUELLES Y AEROPUERTOS"
activity_630303,630303,PERMISO DE PASO POR PROPIEDADES PRIVADAS (PEAJE)
activity_630401,630401,ACTIVIDADES DE AGENCIAS DE VIAJES
activity_630403,630403,ACTIVIDADES DE OPERADORES TURÍSTICOS (GUIA  DE TURISMO)
activity_630405,630405,EXPLOTACIóN DE ACTIVIDADES TURíSTICAS(CUYA PRESTACION NO SEA REALIZADA POR UN CE
activity_630901,630901,ALMACENES FISCALES (DEPOSITOS ADUANEROS) Y ESTACIONAMIENTOSTRANSITORIOS
activity_630903,630903,AGENCIA DE TRANSPORTE (NAVIERA)
activity_630904,630904,AGENTE ADUANERO INDEPENDIENTE Y AGENCIA DE ADUANAS
activity_641101,641101,ACTIVIDADES POSTALES Y DE CORREO
activity_642001,642001,"SERVICIOS DE RADIO-MENSAJES, RADIOLOCALIZADORES Y SIMILARES"
activity_642002,642002,"SERVICIO DE TELEVISION POR CABLE, SATELITE U OTROS SISTEMA S SIMILARES"
activity_642003,642003,MANTENIMIENTO DE REDES DE TELECOMUNICACION
activity_642004,642004,SERVICIO DE RADIO FRECUENCIA
activity_642005,642005,"SERVICIOS TELEFONICOS, TELEGRAFICOS Y POR TELEX"
activity_642007,642007,VENTA DE ESPACIO EN EL CABLE SUBMARINO
activity_642008,642008,"SERVICIO DE TRANSMISION  DE  DATOS, TEXTO, SONIDO, VOZ  Y VIDEO POR MEDIO DE LA"
activity_642009,642009,SERVICIOS DIGITALES O DE TELECOMUNICACIONES E INTANGIBLES PRESTADOS DESDE EL EXTERIOR
activity_651101,651101,BANCA CENTRAL
activity_651901,651901,COOPERATIVAS DE AHORRO Y CREDITO
activity_651903,651903,BANCOS ESTATALES (EXCEPTO EL BANCO CENTRAL)
activity_651904,651904,ENTIDADES FINANCIERAS PRIVADAS (BANCOS)
activity_651905,651905,SERVICIO DE ENVIO Y RECIBO DE DINERO
activity_651906,651906,INSTITUCIONES DE AHORRO Y CREDITO PARA VIVIENDA
activity_659101,659101,ARRENDAMIENTO OPERATIVO EN FUNCION FINANCIERA CON OPCION DECOMPRA O RENOVACION (
activity_659201,659201,ENTIDADES FINANCIERAS DISTINTAS AL SISTEMA BANCARIO NACIONAL
activity_659202,659202,EMISORAS Y PROCESADORAS DE TARJETAS DE CREDITO
activity_659901,659901,SERVICIO DE PRESTAMO (PRESTAMISTAS)
activity_659902,659902,FIDEICOMISOS Y/O ADMINISTRADORES DE FONDOS DE INVERSION
activity_659903,659903,SOCIEDADES DE INVERSION MOBILIARIA
activity_659904,659904,SERVICIO RECUPERACION DE DEUDAS (FACTORE0)
activity_659905,659905,FONDOS DE INVERSION
activity_659906,659906,ACTIVIDADES DE SOCIEDADES DE CARTERA (HOLDING)
activity_659907,659907,INGRESOS POR INTERESES DIFERENTES AL COMERCIO DEL PRESTAMO
activity_659908,659908,FONDOS DE LA LEY DEL SISTEMA DE BANCA PARA EL DESARROLLO
activity_659909,659909,FIDEICOMISOS DE LA LEY DEL SISTEMA DE BANCA PARA EL DESARROLLO
activity_660101,660101,SEGUROS DE VIDA
activity_660201,660201,OPERADORAS DE PENSIONES
activity_660202,660202,FONDOS DE OPERADORAS DE PENSIONES EXENTOS DEL 8%
activity_660301,660301,AGENTES DE SEGUROS
activity_660302,660302,COMERCIALIZADORES DE SEGUROS
activity_660303,660303,SEGUROS GENERALES
activity_671101,671101,ADMINISTRACIÓN DE MERCADOS FINANCIEROS
activity_671201,671201,CORREDORES DE BOLSA
activity_671202,671202,PUESTOS DE BOLSA
activity_671901,671901,PUESTOS Y/O CASAS DE CAMBIO DE MONEDA EXTRANJERA
activity_671902,671902,ASESORES FINANCIEROS Y ACTIVIDADES AUXILIARES DE LA INTERMEDICIACION FINANCIERA
activity_672001,672001,ACTIVIDADES AUXILIARES DE LA FINANCIACIÓN DE PLANES DE SEGUROS Y DE PENSIONES
activity_701001,701001,ACTIVIDADES INMOBILIARIAS (ALQUILER DE VIVIENDA SUPERIOR A 1.5 SALARIO BASE)
activity_701002,701002,ALQUILER DE LOCALES COMERCIALES Y CENTROS COMERCIALES
activity_701003,701003,COMPRA Y VENTA DE PROPIEDADES (INVERSIONISTAS)
activity_701004,701004,ALQUILER DE EDIFICIOS Y PROPIEDADES DIFERENTES A CASAS DE HABITACION
activity_701005,701005,ALQUILER DE MARCAS REGISTRADAS
activity_701006,701006,"ALQUILER DE PATENTES (DE LICORES, UNICAMENTE)"
activity_701007,701007,EXPLOTACION DE FRANQUICIAS
activity_701008,701008,ACTIVIDADES INMOBILIARIAS (ALQUILER DE VIVIENDA INFERIOR A 1.5 SALARIO BASE)
activity_702001,702001,AGENTES O CORREDORES DE BIENES RAICES
activity_702003,702003,"ADMINISTRACIóN, MANTENIMIENTO, REPARACIóN Y LIMPIEZA DE LOS SERVICIOS Y BIENES COMUNES DE LA PROPIEDAD EN CONDOMINIO"
activity_711101,711101,ALQUILER DE AUTOMOVILES  DE TODO TIPO
activity_711102,711102,ALQUILER DE MOTOCICLETA/SERVICIO
activity_711103,711103,"ALQUILER DE EQUIPO DE TRANSPORTE POR VIA TERRESTRE, ACUATICA O AEREA"
activity_711105,711105,ALQUILER DE CARRITOS DE GOLF Y OTROS
activity_712101,712101,ALQUILER DE MAQUINARIA Y EQUIPO PARA USO AGRICOLA
activity_712201,712201,ALQUILER DE MAQUINARIA Y EQUIPO DE CONSTRUCCIÓN E INGENIERÍA CIVIL
activity_712301,712301,SERVICIOS DE INTERNET EN LOCALES PUBLICOS ( CAFE INTERNET )
activity_712302,712302,ALQUILER DE MAQUINARIA Y EQUIPO DE OFICINA
activity_712901,712901,ALQUILER DE MáQUINAS EXPENDEDORAS DE ALIMENTOS Y OTROS
activity_712902,712902,ALQUILER DE MAQUINAS DE ENTRETENIMIENTO (CON MONEDAS)
activity_712904,712904,ALQUILER DE PELICULAS CINEMATOGRAFICAS (VIDEO CLUB) Y/O VIDEO JUEGOS
activity_712905,712905,"ALQUILER DE EQUIPO PARA RADIO, TELEVISIóN Y COMUNICACIONES"
activity_712906,712906,ALQUILER DE EQUIPO PARA DISPENSAR BILLETES (CAJERO AUTOMá-TICO)
activity_712907,712907,ALQUILER MAQUINARIA Y EQUIPO PARA LA ELABORACION Y/O MANTENIMIENTO DE PRODUCTOS
activity_712909,712909,ALQUILER DE OTROS TIPOS DE MAQUINARIA Y EQUIPO PARA USO COMERCIAL
activity_712910,712910,ALQUILER DE MAQUINARIA Y/O EQUIPO PARA USO INDUSTRIAL
activity_712911,712911,ALQUILER DE RAMPAS Y SIMILARES
activity_713001,713001,ALQUILER DE MENAJE
activity_713002,713002,ALQUILER DE EQUIPO RECREATIVO Y DEPORTIVO
activity_713003,713003,ALQUILER DE EQUIPO MEDICO Y ARTICULOS CONEXOS
activity_713012,713012,ALQUILER DE TRAJES DE TODO TIPO
activity_713013,713013,ALQUILER DE EQUIPO Y UTENSILIOS PARA EVENTOS ESPECIALES
activity_713053,713053,"ALQUILER DE ANIMALES (CABALLOS, SERPIENTES, ETC)"
activity_721001,721001,CONSULTORES INFORMÁTICOS
activity_722003,722003,"DISEÑADOR GRAFICO, DE SOFWARE Y PAGINAS WEB"
activity_723001,723001,PROCESAMIENTO DE DATOS
activity_724001,724001,ACTIVIDADES RELACIONADAS CON BASES DE DATOS
activity_725001,725001,REPARACION DE EQUIPO DE COMPUTO
activity_725002,725002,MANTENIMIENTO DE EQUIPO DE COMPUTO
activity_725003,725003,"REPARACIÓN CAJAS REGISTRADORAS, CALCULADORAS, MAQUINAS DE CONTABILIDAD Y EQUIPO"
activity_725004,725004,"MANTENIMIENTO DE CAJAS REGISTRADORAS, CALCULADORAS, MAQUINAS DE CONTABILIDAD"
activity_729001,729001,OTRAS ACTIVIDADES DE INFORMÁTICA
activity_731001,731001,INVESTIGACION Y DESARROLLO EXPERIMENTAL EN EL CAMPO DE LAS CIENCIAS NATURALES
activity_731003,731003,METEOROLOGO POR CUENTA PROPIA
activity_732001,732001,INVESTIGACIONES Y DESARROLLO EXPERIMENTAL EN EL CAMPO DE LAS CIENCIAS SOCIALES
activity_741101,741101,"BUFFETE DE ABOGADO, NOTARIO, ASESOR LEGAL"
activity_741203,741203,"ACTVIDAD DE CONTABILIDAD (CONTADORES), TENEDURIA DE LIBROS,AUDITORIA Y ASESOR FINANCIERO"
activity_741301,741301,ASESORES EN MERCADEO Y VENTAS
activity_74130,74130,"2 ENCUESTAS DE OPINIóN PúBLICA"
activity_741401,741401,ECONOMISTAS
activity_741402,741402,ASESORAMIENTO EMPRESARIAL Y EN MATERIA DE GESTIÓN (HANDLING)
activity_741407,741407,ASESOR ADUANERO
activity_741408,741408,"CORRESPONSAL DE RADIO, TELEVISION Y PRENSA ESCRITA"
activity_742102,742102,ACTIVIDADES DE ARQUITECTURA E INGENIERÍA
activity_742105,742105,SERVICIOS DE CONSULTORIA EN MANTENIMIENTO INDUSTRIAL Y MECANICO
activity_742107,742107,QUIMICOS
activity_742108,742108,ACTIVIDADES DE GEOGRAFIA Y/O GEOLOGIA
activity_742110,742110,BIOLOGO POR CUENTA PROPIA
activity_74211,74211,"2 DIBUJANTE ARQUITECTONICO Y/O PLANOS DE CONSTRUCCION"
activity_742201,742201,ENSAYOS Y ANÁLISIS TÉCNICOS
activity_742202,742202,PROFESIONALES EN TECNOLOGÍA DE ALIMENTOS
activity_743001,743001,PUBLICIDAD
activity_743004,743004,SERVICIOS DE PUBLICIDAD
activity_743005,743005,ALQUILER DE ESPACIOS PUBLICITARIOS
activity_743006,743006,PUBLICIDAD A TRAVES DE MEDIOS ELECTRONICOS
activity_749101,749101,SERVICIOS DE ADMINISTRACIÓN DE PERSONAL
activity_749102,749102,SERVICIOS DE BIBLIOTECOLOGíA
activity_749201,749201,"SERVICIOS DE INVESTIGACION, SEGURIDAD PRIVADA, AGENCIAS Y CONSULTORES"
activity_749204,749204,INSTRUCTOR DE TIRO (MANEJO DE ARMAS).
activity_749301,749301,SERVICIOS DE FUMIGACIóN (NO AGRíCOLA)
activity_749302,749302,SERVICIOS DE LIMPIEZA (INTERIORES Y EXTERIORES)
activity_749401,749401,ESTUDIOS FOTOGRAFICOS
activity_749402,749402,SERVICIO DE FOTOGRAFIA (FOTOGRAFO)
activity_749501,749501,SERVICIOS DE ENVASE Y EMPAQUE
activity_749901,749901,SERVICIO DE FOTOCOPIADO Y OTROS
activity_749902,749902,SERVICIOS DE LEVANTADO DE TEXTO Y/O CORRECCION DE TEXTOS Y OTROS
activity_749903,749903,SERVICIOS SECRETARIALES Y/O OFICINISTA
activity_749904,749904,SERVICIO DE DISEÑO O DECORACION DE INTERIORES (POR CUENTA PROPIA).
activity_749905,749905,SERVICIO DE CONTESTACIóN DE TELéFONOS (CALL CENTER)
activity_749906,749906,SERVICIOS DE TRADUCTOR
activity_749907,749907,SERVICIO DE INSPECCION DE TODO TIPO DE MERCADERIAS Y ACTIVOS(INCLUYE DROGAS)
activity_749908,749908,SERVICIO DE RECOLECCION DE MONEDAS DE LOS TELEFONOS PUBLICOS
activity_749911,749911,AGENCIAS FOTOGRAFICAS POR CATALOGO
activity_749914,749914,SERVCICIO DE COBRANZA DE RECIBOS PUBLICOS Y OTROS
activity_749917,749917,MODELAJE PROFESIONAL (MODELO)
activity_749918,749918,AGENCIAS DE COBRO Y CALIFICACION CREDITICIA
activity_751101,751101,ACTIVIDADES DE LA ADMINISTRACION PUBLICA EN GENERAL
activity_751102,751102,"ACTIVIDADES DE LA ADMINISTRACIÓN PÚBLICA EN GENERAL, NO SUJETAS AL IMPUESTO SOBR"
activity_751103,751103,MUNICIPALIDADES Y CONCEJOS DE DISTRITO
activity_751106,751106,ACTIVIDADES DE LA ADMINISTRACION PUBLICA EN GENERAL GRAVADAS CON IVA
activity_751201,751201,"JUNTAS DE EDUCACIÓN, COMEDORES ESCOLARES, PATRONATOS, COOPERATIVAS ESCOLARES, CO"
activity_751202,751202,COMITES CANTONALES DE DEPORTES Y RECREACION
activity_751301,751301,ACTIVIDADES DEL SECTOR PúBLICO RELACIONADAS CON LA INFRAESTRUCTURA
activity_751302,751302,FONDOS PUBLICOS (ACTIVIDADES DEL SECTOR PUBLICO)
activity_751401,751401,ACTIVIDADES DE SERVICIOS AUXILIARES PARA LA ADMINISTRACIÓN PÚBLICA EN GENERAL
activity_752101,752101,RELACIONES EXTERIORES
activity_752201,752201,ACTIVIDADES DE DEFENSA
activity_752301,752301,ACTIVIDADES DE MANTENIMIENTO DEL ORDEN PÚBLICO Y DE SEGURIDAD
activity_752302,752302,"SERVICIOS DE VIGILANCIA O CONTROL PORTUARIA, COSTERA, AEREA,Y FRONTERIZA"
activity_753001,753001,ACTIVIDADES DE PLANES DE SEGURIDAD SOCIAL DE AFILIACIÓN OBLIGATORIA
activity_801001,801001,ENSEÑANZA PREESCOLAR Y PRIMARIA PRIVADA
activity_801002,801002,ENSEÑANZA PREESCOLAR Y PRIMARIA PRIVADA NO AUTORIZADOS POR EL MEP
activity_802101,802101,ENSEÑANZA SECUNDARIA PRIVADA
activity_802102,802102,ENSEÑANZA SECUNDARIA PRIVADA NO AUTORIZADA POR EL MEP
activity_802201,802201,ENSEÑANZA DE FORMACIÓN TÉCNICA Y PARAUNIVERSITARIA
activity_802202,802202,ENSEÑANZA SECUNDARIA DE FORMACIÓN TÉCNICA Y PROFESIONAL NO AUTORIZADA POR EL MEP
activity_803002,803002,ENSEÑANZA SUPERIOR PRIVADA (UNIVERSIDADES)
activity_803003,803003,ENSEÑANZA SUPERIOR PUBLICA (UNIVERSIDADES)
activity_809001,809001,ESCUELAS COMERCIALES (NO ESTATALES)
activity_809004,809004,PROFESOR POR CUENTA PROPIA
activity_809005,809005,ENSEÑANZA CULTURAL
activity_809006,809006,ENSEÑANZA DE LA DE SEGURIDAD PRIVADA
activity_809007,809007,ESCUELA Y AGENCIA DE MODELOS
activity_851101,851101,ACTIVIDADES DE HOSPITALES
activity_851201,851201,GINECÓLOGO
activity_851202,851202,SERVICOS DE MÉDICO GENERAL
activity_851203,851203,NEURÓLOGOS
activity_851204,851204,"SERVICIOS DE OFTALMOLOGO U OCULISTA, OPTOMETRISTA Y/O OPTICO"
activity_851206,851206,ORTOPEDISTA (CONSULTA PRIVADA)
activity_851207,851207,SERVICIOS DE ODONTOLOGO Y CONEXOS
activity_851208,851208,"OTORRINOLARINGOLOGIA, AUDIOLOGíA Y SERVICIOS CONEXOS."
activity_851209,851209,FARMACEUTICO O BOTICARIO
activity_851210,851210,CARDIOLOGOS
activity_851212,851212,ONCOLOGOS
activity_851213,851213,REUMATOLOGO
activity_851901,851901,MEDICINA ALTERNATIVA
activity_851902,851902,FÍSICO TERAPISTA
activity_851905,851905,PSICOLOGO
activity_851906,851906,PSIQUIATRÍA
activity_851907,851907,SERVICIOS DE ENFERMERÍA
activity_851908,851908,LABORATORIOS MÉDICOS - CLÍNICOS
activity_851909,851909,"SERVICIOS DE RADIOLOGÍA, ANESTESIOLOGIA Y OTROS"
activity_851910,851910,TRANSPORTE EN AMBULANCIA TERRESTRE Y AEREO (SERVICIO PRIVADO)
activity_851911,851911,PROFESIONALES EN SALUD OCUPACIONAL
activity_851912,851912,NUTRICIONISTA
activity_851913,851913,PROFESIONALES EN EDUCACION ESPECIAL
activity_851914,851914,SERVICIOS DE PARAMEDICOS
activity_851915,851915,SERVICIOS DE ESTERILIZACIÓN DE PRODUCTOS MÉDICOS Y FARMACÉUTICOS
activity_851916,851916,OTRAS ACTIVIDADES RELACIONADAS CON LA SALUD HUMANA(BANCO DE SANGRE…)
activity_851917,851917,CIRUJANO PLÁSTICO
activity_853101,853101,FUNDACIONES DE BIEN SOCIAL
activity_853102,853102,FUNDACIONES DE SERVICIO SOCIAL (PRIVADAS)
activity_853103,853103,RESIDENCIAS UNIVERSITARIAS CON SERVICIOS INTEGRADOS
activity_853201,853201,GUARDERIAS/CENTROS INFANTILES Y SERVICIOS SOCIALES
activity_853202,853202,SERVICIOS SOCIALES DE REDES DE CUIDO  Y CENTROS DE ATENCIÓN DE ADULTOS MAYORES
activity_853301,853301,ASOCIACIONES DECLARADAS DE UTILIDAD PUBLICA POR EL PODER EJECUTIVO
activity_900001,900001,"ASESORAMIENTO Y ELIMINACION DE DESPERDICIOS, SANEAMIENTO (EXCEPTO LIMPIEZA DE TANQUES)"
activity_900002,900002,LIMPIEZA DE TANQUES SEPTICOS Y AGUAS REDISUALES
activity_911101,911101,ACTIVIDADES DE ORGANIZACIONES EMPRESARIALES Y DE EMPLEADORES
activity_911102,911102,CAMARAS DE COMERCIO
activity_911201,911201,ACTIVIDADES DE ORGANIZACIONES PROFESIONALES
activity_912001,912001,ASOCIACIONES SOLIDARISTAS
activity_912002,912002,ACTIVIDADES DE SINDICATOS
activity_919101,919101,ACTIVIDADES DE ORGANIZACIONES RELIGIOSAS
activity_919201,919201,ACTIVIDADES DE ORGANIZACIONES POLÍTICAS
activity_919901,919901,ASOCIACION DE DESARROLLO COMUNAL Y/O SERVICIOS COMUNITARIOS
activity_919903,919903,"ASOCIACIONES O ENTIDADES CON FINES CULTURALES, SOCIALES, RECREATIVOS, ARTESANALE"
activity_919906,919906,ASOCIACIONES ADMINISTRADORAS DE LOS SISTEMAS DE ACUEDUCTOS Y ALCANTARILLADOS (ASADAS)
activity_921101,921101,ACTIVIDADES PRODUCCION POSTPRODUCCION Y DISTRIBUCION DE PELICULAS CINEMATOGRAFIC
activity_921201,921201,EXHIBICIÓN DE FILMES Y VIDEOCINTAS  (SALAS DE CINE)
activity_921301,921301,TRANSMISIONES DE RADIO
activity_921302,921302,PROGRAMACIÓN Y TRANSMISIONES DE TELEVISIÓN
activity_921303,921303,TRANSMISIONES DE RADIO CULTURALES SEGÚN LEY GENERAL DE TELECOMUNICACIONES
activity_921401,921401,TEATROS (EXPLOTACION)
activity_921402,921402,ACTIVIDADES MUSICALES Y ARTÍSTICAS (SERVICIOS)
activity_921403,921403,PERIODISTA POR CUENTA PROPIA
activity_921501,921501,CANALES DE TELEVISIóN
activity_921902,921902,"VENTA AL POR MENOR DE DISCOS, GRABACIONES DE MUSICA Y DE VIDEO"
activity_921903,921903,SALóN DE BAILE Y DISCOTECA
activity_921904,921904,SALON DE PATINES
activity_922001,922001,ACTIVIDADES DE AGENCIAS DE NOTICIAS
activity_923101,923101,ACTIVIDADES DE BIBLIOTECAS Y ARCHIVOS
activity_923201,923201,GALERIAS DE ARTE
activity_923202,923202,SERVICIOS DE RESTAURACION DE OBRAS DE ARTE
activity_923301,923301,"ACTIVIDADES DE JARDINES BOTANICOS, ZOOLOGICOS, PARQUES NACIONALES Y RESERVAS NACIONALES"
activity_924101,924101,GIMNASIOS
activity_924102,924102,EXPLOTACIÓN DE PISCINAS O ALBERCAS DE BAÑO
activity_924103,924103,"ENTRENADOR, INSTRUCTORES Y/O PREPARADORES FISICOS POR CUENTA PROPIA"
activity_924104,924104,ACTIVIDADES DE ESCUELAS Y CLUBES DEPORTIVOS
activity_924105,924105,EXPLOTACION DE INSTALACIONES Y CAMPOS DEPORTIVOS
activity_924106,924106,ACTIVIDADES DEPORTIVAS Y OTRAS POR CUENTA PROPIA
activity_924107,924107,ESPECTÁCULOS DEPORTIVOS
activity_924901,924901,NIGHT CLUB/CABARETTE
activity_924902,924902,EXPLOTACIÓN DE CASINOS (INCLUYE MESAS DE JUEGOS Y MAQUINAS TRAGAMONEDAS)
activity_924903,924903,PESCA DEPORTIVA
activity_924904,924904,"ACTIVIDADES DE JUEGOS DE BILLAR, POOL Y OTROS SIMILARES"
activity_924905,924905,SALA DE VIDEO JUEGOS
activity_924906,924906,"GRABACIÓN DE SONIDO (MUSICA, ETC.) EN DISCOS GRAMOFONICOS YEN CINTA MAGNETOFONIC"
activity_924907,924907,SERVICIO DE ENLACE DE LLAMADAS Y CASAS DE APUESTAS ELECTRONICAS (SPORTBOOKS)
activity_924908,924908,ESPECTACULOS PUBLICOS EN GENERAL EXCEPTO LOS DEPORTIVOS Y EL TEATRO
activity_924909,924909,OTRAS ACTIVIDADES DE ESPARCIMIENTO
activity_924910,924910,EXPLOTACIÓN DE JUEGOS DE ÁZAR NO ELECTRÓNICOS (INCLUYE MÁQUINAS TRAGAMONEDAS
activity_930101,930101,SERVICIOS DE LAVANDERíA DE TODO TIPO
activity_930102,930102,SERVICIO DE TEÑIDO DE PRENDAS DE VESTIR
activity_930103,930103,SERVICIO DE LIMPIEZA Y LAVADO DE MUEBLES
activity_930202,930202,"SALONES DE BELLEZA, PELUQUERIA Y BARBERIA"
activity_93030,93030,"1 SERVICIOS FUNEBRES Y ACTIVIDADES CONEXAS"
activity_930302,930302,CEMENTERIO PUBLICO (JUNTA ADMINISTRATIVA)
activity_930303,930303,CEMENTERIO O CAMPOSANTO PRIVADO
activity_930901,930901,SALAS DE MASAJES
activity_930903,930903,OTRAS ACTIVIDADES DE SERVICIOS PERSONALES N.C.P.
activity_930904,930904,CENTRO O SALA DE BRONCEADO
activity_930905,930905,PELUQUERíA Y SALA DE ESTÉTICA PARA ANIMALES
activity_930906,930906,SERVICIO DE TATUAJE Y PIERCING
activity_930907,930907,SERVICIO DE DISCO MOVIL
activity_930908,930908,SERVICIO DE HERRADURA
activity_930915,930915,ALBERGUE Y CUIDO DE ANIMALES A DOMICILIO
activity_950001,950001,HOGARES PRIVADOS CON SERVICIO DOMÉSTICO
activity_960104,960104,IMPUESTO A LAS PERSONAS JURIDICAS
activity_960105,960105,ACTIVIDADES PREOPERATIVAS O DE ORGANIZACION
activity_960106,960106,EXPORTADORES DE MERCANCIAS EXENTAS DEL IMPUESTO DE VENTAS
activity_960107,960107,PRODUCTORES DE MERCANCIAS EXENTAS DEL IMPUESTO DE VENTAS
activity_960108,960108,COMERCIALIZADORES DE MERCANCIAS EXENTAS DEL IMPUESTO DE VENTAS
activity_960109,960109,DISTRIBUIDORES DE MERCANCIAS EXENTAS DEL IMPUESTO DE VENTAS
activity_990001,990001,"ACTVIDADES DE ORGANIZACIONES Y ORGANOS EXTRATERRITORIALES, INCLUYE LAS EMBAJADAS"